ESTUDIO;DESCRIPCIÓN;TIEMPO DE ENTREGA;TIPO DE MUESTRA;CATEGORIA;PRECIO DE VENTA;PRECIO MAQUILA
Noradrenalina En Plasma;-;;Sangre Total/Edta;estudio clínico;340;
Cultivo De Exudado Faríngeo;-;;Exudado Faríngeo;estudio clínico;215;
Ac. Anti Peroxidasa;-;3 dh;Suero 2 Ml;estudio clínico;298;
Cultivo De Secreción Ótico;-;;Exudado Ótico;estudio clínico;215;
Tamiz Metabólico Neonatal Básico Modificado;-;;Papel Tamiz (4 Gotas De Sangre);estudio clínico;510;
Hierro Sérica;-;;Suero 2 Ml;estudio clínico;94;
Perfil Andrógenos Básico;-;2;Suero 3 Ml;perfil sanguíneo;808;
Eritropoyetina;-;;Suero 2 Ml;estudio clínico;935;
Metanefrinas En Orina;;;Orina Ocasional;estudio clínico;357;
Marcador Tumoral De Páncreas;-;;Suero 3 Ml;estudio clínico;510;
Colinesterasa;-;;Suero 2 Ml;estudio clínico;240;
Cuenta Minutada;-;;25 Ml De Orina De 24 H. Indicar Volumen;estudio clínico;255;
Mycobacterium Tuberculosis (Cultivo);-;;Muestra Variable;estudio clínico;408;
"Ac. Anti Herpes I Igg; Igm";-;2 dh;Suero 2 Ml;estudio clínico;723;
Velocidad De Eritrosedimentación;-;;Sangre Total/Edta;estudio clínico;85;
Cristalografia;-;;Moco Cervical. Hacer Frotis Enviar En Campo Húmedo Antes De Las 13 H;estudio clínico;215;
Cocaína;-;;Orina Casual;estudio clínico;170;
Hemoglobina Glucosilada;-;;Sangre Total/Edta;estudio clínico;238;
Cultivo De Lesión De Piel;-;;Exudado De Lesión;estudio clínico;215;
Marcador Tumoral De Hígado;-;;Suero 2 Ml;estudio clínico;723;
Cultivo De Absceso;-;;Toma Directa Del Absceso;estudio clínico;255;
Anión Gap;-;3 dh;Suero 1 Ml;estudio clínico;162;
Perfil De Raquitismo;-;2;Suero 2 Ml;perfil sanguíneo;553;
Ultrasonido Abdominal Alto;-;1 dh;-;estudio de gabinete;220;
Ácidos Grasos Libres En Suero;-;3 dh;Suero 2 Ml. Ayuno 12 H;estudio clínico;298;
Cannabinoides (Marihuana);-;;Orina Casual;estudio clínico;184;
Perfil Renal;urea|creatinina|depuracion de creatinina en orina de 24hrs.|EGO|cultivo de orina(urocultivo);3 dh;Suero 2 Ml. Orina Ocacional;estudio clínico;255;295.8
Glucosa Sérica;-;;Suero 2 Ml;estudio clínico;68;
Ac. Anti Sarampión Igg;-;2 dh;Suero 2 Ml;estudio clínico;417;
Hepatitis B (Hbe Ac) Ag. E;-;;Suero 2 Ml;estudio clínico;451;
Cromo En Sangre;-;;Sangre Total Citratada/Heparina;estudio clínico;1343;
Ac. Anti Insulina;-;3 dh;Suero 2 Ml;estudio clínico;485;
Antígeno Carcinoembrionario;-;2 dh;Suero 2 Ml;estudio clínico;340;
Perfil Cardiaco Básico;aspartato aminotranferasa|lactato deshidrogenasa|creatinina cinisa|creatinina cinisa mb;1 dh;Suero 2 Ml. Ayuno 12 H;estudio clínico;449;206.48
Vitamina B12;-;;Suero 2 Ml. Centrifugar Inmediatamente;estudio clínico;338;
Ac. Anti Centrómero;-;3 dh;Suero 2 Ml. No Hemólisis No Lipemia;estudio clínico;553;
Ca 19-9 Antígeno;-;;Suero 2 Ml;estudio clínico;383;
Cortisol Serico;-;;Suero 2 Ml;estudio clínico;187;
Depuracion De Creatinina;-;;Suero 2 Ml. Orina 24 H 10 Ml. Enviar Volumen Peso Y Talla;estudio clínico;169;
Creatinfosfoquinasa Cpk;-;;Suero 2 Ml;estudio clínico;128;
Antígeno Ca 19-9;-;2 dh;Suero 2 Ml;estudio clínico;468;
Digoxina;-;;Suero 2 Ml;estudio clínico;184;
Ac. Anti Hepatitis C;-;2 dh;Suero 2 Ml;estudio clínico;553;
Citología De Liquidos;-;;6 Ml Liquido Biológico/Laminilla De Liquido. Fijas Con Alcohol;estudio clínico;340;
Ac. Anti Dna;-;2 dh;Suero 2 Ml;estudio clínico;349;
Alfa 1-Antitripsina;-;4 dh;Suero 2 Ml;estudio clínico;442;
Pcr Para Detección De Chlamydia Trachomatis;-;;Exudado;estudio clínico;949;
Nitrógeno Ureico En Suero;-;;Suero 2 Ml;estudio clínico;68;
C4 Complemento;-;;Suero 2 Ml;estudio clínico;255;
Herpes 1 Anticuerpos Igg;-;;Suero 2 Ml;estudio clínico;255;
Perfil De Torch Inmunoglobulinas M;ANTI TOXOPLASMA GONDII|ANTI RUBEOLA|ANTI CITOMEGALOVIRUS|ANTI HERPES I|ANTI HERPES II|;1 dh;Suero 3 Ml;estudio clínico;988;426.88
Perfil Preoperatorio Básico;BH|EGO|TIEMPO DE PROTOMBINA TP|TIEMPO DE TROMBOPLASTIA TTPa|GLUCOSA|UREA|CREATININA|GRUPO SANGUINEO Y FACTOR RH|;1 dh;Suero 3 Ml. Sangre Total Edta. Orina Ocasional. 1 Ml De Plasma Citratado;estudio clínico;478;278.4
Citología De Líquido Peritoneal;-;;Liquido/Secreción;estudio clínico;340;
Ac. Anti Toxacara;-;2 dh;Suero 2 Ml;estudio clínico;383;
Fosforo En Orina 24 H;-;;Orina 24 H. 20 Ml. Enviar Volumen;estudio clínico;85;
17 Cetoesteroides En Suero;-;3 dh;Suero 2 Ml;estudio clínico;340;
Renina;-;;Sangre Total/Edta;estudio clínico;383;
Alepsal Compuesto;-;3 dh;Suero 2 Ml;estudio clínico;340;
Dextrosa En Suero (Glucosa);-;;Suero 1 Ml;estudio clínico;68;
Cultivo De Exudado Nasal;-;;Exudado Nasal;estudio clínico;215;
Cultivo Microbiologico De Superficies Inertes;-;;Medio De Transporte;estudio clínico;553;
Nitrógeno Ureico En Orina De 24 H;-;;Orina 24 H. Enviar Volumen;estudio clínico;68;
Ac. Anti Nucleares;-;2 dh;Suero 2 Ml;estudio clínico;383;
Inmunoglobulina A;-;;Suero 2 Ml;estudio clínico;214;
Hormona Adeno Corticotrofica (Acth);-;;Sangre/Edta;estudio clínico;298;
Coombs Indirecto;-;;Tubo Rojo Sin Centrifugar 5 Ml;estudio clínico;215;
Perfil De Hepatitis Viral (Virus A+B);HAV-T|HAV-M|aHBc M|aHBe;1 dh;Suero 3 Ml;estudio clínico;1573;854.92
Cloro En Sangre;-;;Suero 2 Ml;estudio clínico;90;
"Perfil Toch Igg; Igm";-;;Suero 3 Ml;estudio clínico;1530;
"Ac. Anti Brucella Igg; Igm";-;9 dh;Suero 2 Ml;estudio clínico;1067;
Perfil De Proteínas Séricas;-;;Suero 2 Ml;estudio clínico;170;
Inmunoglobulina M;-;;Suero 2 Ml;estudio clínico;204;
Ac. Anti Vih Western Blot;-;5 dh;Suero 2 Ml;estudio clínico;3128;
Azúcares Reductores;-;1 dh;Heces 1 Muestra;estudio clínico;85;
Estrógenos Totales;-;;Suero 2 Ml;estudio clínico;170;
Perfil Diabético Completo;-GLUCOSA|COLESTEROL|TRIGLICERIDOS|GLUCAGON|HEMOGLOBINA|INSULINA BASAL|PEPTIDO|MICROALBUMINA EN ORINA|EGO|;1 dh;Suero 2 Ml. Sangre Total Edta 2 Ml. 25 Ml De Orina Ocacional;perfil sanguíneo;839;734.28
Tiroglobulina;-;;Suero 2 Ml;estudio clínico;215;
Cultivo De Orina (Urocultivo);-;;Orina Reciente 10 Ml;estudio clínico;215;
Perfil Renal Completo;-;;Suero 2 Ml. 25 Ml De Orina 24 H. Indicar Peso Talla Y Volumen Urinario;estudio clínico;399;
Perfil Tiroideo 4;-TRIYODOTIRONINA(T3) TOTAL|TIROXINA(4)TOTAL|HORMONA ESTIMULANTE DE TIROIDES(TSH)|TRIYODOTIRONINA (T3) LIBRE|TIROXINA (4) LIBRE;1 dh;Suero 2 Ml;estudio clínico;360;255.2
Tsh Neonatal;-;;Papel Tamiz (2 Gotas De Sangre);estudio clínico;170;
Cariotipo En Sangre Periférica (Con Fotografía);-;;Sangre Total Con Heparina. Enviar A Temperatura Ambiente Con Datos Clínicos De L A V Antes De Las 13 H;estudio clínico;3315;
Perfil Toch Igm;-;;Suero 3 Ml;estudio clínico;808;
Fosfatasa Acida Total;-;;Suero 2 Ml;estudio clínico;118;
Ultrasonido Obstétrico;-;1 dh;-;estudio de gabinete;220;
Curva De Tolerancia A La Glucosa (3 H);-;;"Suero 2 Ml. Refrigerado Por Cada Muestra; Indicar Tiempo De Toma Incluyendo La Basal. Se Requiere Para La Primera Ayuno Previo De 8 H. Indicar Carga Administrada";estudio clínico;215;
Rotavirus En Heces;-;;Heces 2 Muestras;estudio clínico;340;
Marcador Tumoral De Testículo;-;;Suero 3 Ml;estudio clínico;510;
Antígeno Prostático Específico Total Y Libre;-;1 dh;Suero 2 Ml;estudio clínico;468;
Ac. Anti Helicobacter Pylori Iga;-;2 dh;Suero 2 Ml;estudio clínico;469;
Cultivo De Punta De Catéter;-;;Punta De Catetér En Frasco Estéril;estudio clínico;215;
Oxcarbamazepina;-;;Suero 1 Ml. No Lipemia No Hemólisis. Indicar Fecha Y Hora De Ultima Dosis;estudio clínico;383;
"Cedilin (Fenobarbital; Alepsal Compuesto)";-;;Suero 2 Ml;estudio clínico;323;
Ac. Anti Smith;-;2 dh;Suero 2 Ml;estudio clínico;587;
Co2 Total;-;;Suero 2 Ml;estudio clínico;94;
Ácido Valpróico;-;3 dh;Suero 2 Ml;estudio clínico;334;
Transaminasa Glutámica Oxalacetica;-;;Suero 1 Ml;estudio clínico;85;
Coproparasitoscopico 3Ra Muestra;-;;Heces 1 Muestra Reciente 10 G. Una Muestra Cada Día;estudio clínico;111;
Química Sanguínea (27 Elementos);-;;Suero 3 Ml;estudio clínico;570;
Perfil De Drogas Abuso I;-COCAINA|CANABINOIDES(MARIHUANA);1;Orina Ocasional;estudio clínico;340;182.12
Glucosa 6 Fosfato Deshidrogenasa;-;;Sangre Total/Edta;estudio clínico;298;
Química Sanguínea (8 Elementos);-;;Suero 2 Ml;estudio clínico;255;
Apolipoproteìna A1;-;3 dh;Suero 2 Ml. Ayuno 12 H. Ultimo Alimento Libre De Grasas;estudio clínico;553;
Catecolaminas En Orina;-;;25 Ml Orina De 24 H. Indicar Volumen Total;estudio clínico;765;
Alcohol En Suero;-;3 dh;Suero 2 Ml. Enviar De Inmediato;estudio clínico;362;
Hepatitis C Anticuerpos;-;;Suero 2 Ml;estudio clínico;340;
Perfil De Torch Inmunoglobulinas G Y M;-;;Suero 5 Ml;estudio clínico;1063;
Factor Viii De La Coagulación;-;;Plasma Con Citrato (9:1) Utilizar Material De Plástico Descartar 3 Ml Iniciales De La Punción Enviar Congelado.;estudio clínico;374;
Hepatitis B Core (Hbc. Ac.Igm);-;;Suero 2 Ml;estudio clínico;359;
Antígeno Ca 27-29;-;3 dh;Suero 2 Ml;estudio clínico;1148;
Fosforo Sérico;-;;Suero 2 Ml;estudio clínico;85;
Perfil Diabético Básico;-GLUCAGON|HEMOGLOBINA A/c|INSULINA BASAL|INSULINA POST-PRADIAL;1 dh;Suero 2 Ml. Sangre Total Edta 2 Ml. 25 Ml De Orina Ocacional;perfil sanguíneo;359;455.88
Citología De Moco Fecal;-;;Frotis Sin Fijar Y Materia Fecal Reciente;estudio clínico;128;
Perfil De Hepatitis Viral 1 (Virus B);-;;Suero 3 Ml;estudio clínico;1020;
Gonadotrofina Coriónica-Beta Cuantitativa;-;;Suero 2 Ml;estudio clínico;215;
Herpes 2 Anticuerpos Igg;-;;Suero 2 Ml;estudio clínico;255;
Ac. Anti Hepatitis A Igm;-;2 dh;Suero 2 Ml;estudio clínico;332;
Ac. Anti Epstein-Barr Igg (Cápside);-;2 dh;Suero 2 Ml. No Hemólisis No Lipemia;estudio clínico;510;
Hormona Foliculo Estimulante (Fsh);-;;Suero 2 Ml;estudio clínico;170;
Electroforesis De Proteinas;-;;Suero 2 Ml;estudio clínico;322;
Colposcopía;-;1 dh;-;estudio de gabinete;200;
Biometría Hemática/Plaquetas;-;;Sangre Total/Edta;estudio clínico;102;
Glucosa Urinaria;-;;Orina Ocacional;estudio clínico;77;
Pcr Para Detección Citomegalovirus;-;;Sangre Total/Edta;estudio clínico;1049;
Ultrasonido Renal;-;1 dh;-;estudio de gabinete;220;
Complemento C-4;-;;Suero 2 Ml;estudio clínico;215;
Cortisol Urinario;-;;Orina 24 H. 20 Ml. Indicar Volumen;estudio clínico;255;
Perfil De Osteoporosis Completo;-;;Suero 3 Ml + 25 Ml De Orina De 24 H. Indicar Peso Talla Y Volumen Urinario;estudio clínico;2550;
Osmolaridad Urinaria;-;;Primera Orina Del Día;estudio clínico;340;
Serotonina En Suero;-;;Suero 2 Ml. No Hemólisis;estudio clínico;638;
Histamina;-;;Suero 2 Ml;estudio clínico;510;
Progesterona;-;;Suero 2 Ml;estudio clínico;170;
Testosterona Libre;-;;Suero 2 Ml;estudio clínico;215;
Marcador Tumoral Prostático;-;;Suero 3 Ml;estudio clínico;510;
Potasio Sérico;-;;Suero 2 Ml;estudio clínico;85;
Perfil De Hepatitis Viral (Virus A);-;;Suero 3 Ml;estudio clínico;638;
Perfil De Osteoporosis Básico;-;;Suero 3 Ml + 25 Ml De Orina De 24 H. Indicar Peso Talla Y Volumen Urinario;estudio clínico;1530;
Benzodiacepinas;-;2 dh;Orina Casual;estudio clínico;268;
Fosfolípidos;-;;Suero 2 Ml;estudio clínico;170;
"""Ac. Anti Hepatitis B Antigeno """"Core"""" (Igm)""";-;2 dh;Suero 2 Ml;estudio clínico;332;
Oxiuros Prueba De Graham;-;;Frotis Con Diurex Sin Fijar;estudio clínico;113;
Química Sanguínea (3 Elementos);-;;Suero 2 Ml;estudio clínico;110;
Urea En Orina De 24 H;-;;Orina 24 H. 2 Ml. Enviar Volumn;estudio clínico;94;
Colesterol De Muy Baja Densidad (Vldl);-;;Suero 1 Ml. Ayuno Mínimo 12 H;estudio clínico;128;
Perfil Toxemico 2;-;;Suero 3 Ml. Sangre Total Edta. Orina Ocasional. 1 Ml De Plasma Citratado;estudio clínico;699;
V. D. R. L (Reacciones Seroluéticas);-;;Suero 2 Ml;estudio clínico;102;
Amonio En Plasma;-;4 dh;Plasma/Heparinizado 2 Ml. No Hemólisis;estudio clínico;298;
Hepatitis B Core (Hbc Ac. Igg);-;;Suero 2 Ml;estudio clínico;383;
Hormona Luteinizante (Lh);-;;Suero 2 Ml;estudio clínico;170;
Perfil De Hipertensión;-;3;Suero 2 Ml;perfil sanguíneo;949;
Grupo Sanguíneo Y Facto Rh;-;;Sangre Total/Edta;estudio clínico;35;
Dhl (Deshidrogenasa Lactica);-;;Suero 2 Ml;estudio clínico;120;
Testosterona Total;-;;Suero 2 Ml;estudio clínico;187;
Perfil Hormonal Masculino;-;;Suero 3 Ml;estudio clínico;779;
"Ac. Anti Herpes Ii Igg; Igm";-;2 dh;Suero 2 Ml;estudio clínico;808;
Adrenalina En Orina;-;4 dh;Orina 24 H 20 Ml. Acidificada Refrigerar. Enviar Volumen;estudio clínico;340;
Metacualona;-;;Orina 24 H. Indicar Volumen;estudio clínico;680;
Fosfatasa Alcalina;-;;Suero 2 Ml;estudio clínico;98;
Tegretol;-;;Suero 2 Ml;estudio clínico;298;
Ca 15-3 Antígeno;-;;Suero 2 Ml;estudio clínico;383;
Cultivo De Exudado Cérvico Vaginal;-;;Secreción De Exudado Vaginal;estudio clínico;215;
Dextrosa (Glucosa) Post-Prandial;-;;Suero 1 Ml;estudio clínico;68;
Perfil Hepático Completo;-;;-;estudio clínico;383;
Aldolasa;-;2 dh;Suero 2 Ml. Congelado;estudio clínico;327;
Inmunoglobulina G;-;;Suero 2 Ml;estudio clínico;170;
Antígeno Prostático Específico Cualitativo;-;1 dh;Suero 2 Ml;estudio clínico;215;
Hormona Del Crecimiento;-;;Suero 2 Ml;estudio clínico;156;
Valium En Suero;-;;Suero 2 Ml;estudio clínico;298;
Perfil De Drogas Abuso V;-;1;Orina Ocasional;perfil sanguíneo;468;
Perfil Hepático Básico;-;;Suero 3 Ml;estudio clínico;329;
Calcio En Orina De 24 H;-;;Orina De 24 H. 20 Ml. Enviar Volumen;estudio clínico;94;
"""Ac. Anti Hepatitis B Antigeno """"E"""" (Hbeac)""";-;2 dh;Suero 2 Ml;estudio clínico;425;
Diazepam;-;;Suero 2 Ml;estudio clínico;510;
Cultivo Mycoplasma Hominis/Ureoplasma Urealyticum;-;;Muestra Endocervical O Uretral;estudio clínico;509;
Glucagón;-;;Suero 2 Ml;estudio clínico;298;
Química Sanguínea (5 Elementos);-;;Suero 2 Ml;estudio clínico;204;
Tiroxina Total (T4);-;;Suero 2 Ml;estudio clínico;170;
Coprológico Funcional;-;;Heces 1 Muestra Reciente;estudio clínico;128;
Ac. Anti Chlamydia Pneumoniae Igm;-;2 dh;Suero 2 Ml;estudio clínico;1411;
Gasometría Arterial;-;;Sangre Total/Heparina;estudio clínico;425;
Pcr Para Detección De Alelo Hla B-27;-;;Sangre Total/Edta;estudio clínico;949;
Perfil Prenatal;-;;Suero 3 Ml. Sangre Total Edta. Orina Ocasional;estudio clínico;468;
Cultivo Microbiologico De Manos;-;;Medio De Transporte;estudio clínico;356;
Cloro En Orina;-;;Orina 24 H. Indicar Volumen;estudio clínico;94;
Ac. Anti Citomegalovirus Igm;-;2 dh;Suero 2 Ml;estudio clínico;334;
Antígeno Hla-B27 (Histocompatibilidad);-;8 dh;Suero 2 Ml;estudio clínico;1360;
Antígeno Ca 125;-;2 dh;Suero 2 Ml;estudio clínico;425;
Hormona Antidiurética;-;;Suero 2 Ml;estudio clínico;289;
Ac. Anti Ena;-;3 dh;Suero 2 Ml;estudio clínico;1241;
Cultivo Bacteriológico;-;;Hisopado De Secreción Biológica;estudio clínico;215;
Cultivo Ocular;-;;Exudado Ocular;estudio clínico;215;
Cultivo De Sangre;-;;2 Ml Sangre Total/Medio Especial;estudio clínico;340;
Prueba Inmunológica De Embarazo Hgc Beta (Cuantitativa);-;2;Suero 2 Ml;estudio clínico;215;
"Cálculo Urinario; Análisis";-;;Cálculo En Vial A Temperatura Ambiente;estudio clínico;215;
Proteína C Reactiva;-;;Suero 2 Ml;estudio clínico;170;
Eosinófilos En Moco Nasal 3 Muestras;-;;2 Frotis Indicar Narina;estudio clínico;215;
Factor Reumatoide Cuantitativo;-;;Suero 2 Ml;estudio clínico;255;
Ultrasonido Hepatobiliar;-;1 dh;-;estudio de gabinete;220;
Reacciones Febriles;-;;Suero 2 Ml;estudio clínico;145;
Pcr Para Detección Y Tipificación Vph;-;;Exudado;estudio clínico;1399;
Aminofilina-Teofilina;-;3 dh;Suero 2 Ml;estudio clínico;298;
Ac. Anti Herpes I Igm;-;2 dh;Suero 2 Ml;estudio clínico;322;
Examen General De Orina;-;;Orina Casual 30 Ml;estudio clínico;60;
Tirotrofina (Tsh);-;;Suero 2 Ml;estudio clínico;170;
Biopsia Pieza Grande Hasta 12 Cm;-;;Biopsia Con Formol Al 10% Enviar Datos Clínicos;estudio clínico;1190;
Ac. Anti Varicela Igg;-;2 dh;Suero 2 Ml;estudio clínico;383;
Coproparasitoscopico 2Da Muestra;-;;Heces 1 Muestra Reciente 10 G. Una Muestra Cada Día;estudio clínico;85;
Perfil Hormonal Femenino Con Tiroideo;-;;Suero 3 Ml;estudio clínico;999;
Perfil Hormonal Femenino Con Tiroideo Ii;-;;Suero 3 Ml;estudio clínico;1105;
Ácido 5-Hidroxi Indolacético (Serotonina);-;5 dh;Suero 2 Ml;estudio clínico;693;
Teofilina-Aminofilina;-;;Suero 2 Ml;estudio clínico;298;
Fibrinogeno;-;;Plasma Con Citrato (9:1) Utilizar Material De Plástico Descartar 3 Ml Iniciales De La Punción Enviar Congelado.;estudio clínico;175;
Coombs Directo;-;;Sangre Total/Edta;estudio clínico;170;
Ultrasonido Transvaginal;-;1 dh;-;estudio de gabinete;220;
Antígeno Prostático Libre;-;1 dh;Suero 2 Ml;estudio clínico;298;
"Electrolitos (Na; K; Cl)";-;;Suero 2 Ml;estudio clínico;215;
Albúmina Sérica;-;1 dh;Suero 2 Ml;estudio clínico;85;
Hormona Paratiroidea Molecular Intacta;-;;Suero 2 Ml. No Hemólisis;estudio clínico;268;
Electroforesis De Lipoproteinas;-;;Suero 3 Ml;estudio clínico;255;
Análisis De Calcúlo Urinario;-;3 dh;Calculo En Vial Plástico A Temperatura Ambiente;estudio clínico;391;
Cultivo De Líquido Cefalorraquídeo;-;;Líquido Cefalorraquideo 3 Ml. En Frasco Estéril;estudio clínico;215;
Curva De Tolerancia A La Glucosa (5 H);-;;"Suero 2 Ml. Refrigerado Por Cada Muestra; Indicar Tiempo De Toma Incluyendo La Basal. Se Requiere Para La Primera Ayuno Previo De 8 H. Indicar Carga Administrada";estudio clínico;340;
Marcador Tumoral De Colon/Recto;-;;Suero 2 Ml;estudio clínico;510;
Apolipoproteìna B;-;3 dh;Suero 2 Ml. Ayuno 12 H. Ultimo Alimento Libre De Grasas;estudio clínico;553;
Perfil De Hepatitis Viral 2 (Virus B);-;;Suero 2 Ml;estudio clínico;1105;
Fosfatasa Acida Y Fracción Prostática;-;;Suero 2 Ml;estudio clínico;215;
Perfil Infeccioso I;-;;Exudado;estudio clínico;1530;
Creatinina Sérica;-;;Suero 2 Ml;estudio clínico;68;
Marcador Tumoral De Mieloma;-;;Suero 3 Ml;estudio clínico;765;
Opiáceos;-;;Orina Casual;estudio clínico;271;
Insulina En Suero;-;;Suero 2 Ml;estudio clínico;170;
Perfil Toxemico 1;-;;Suero 3 Ml. Sangre Total Edta. Orina Ocasional;estudio clínico;535;
Tiempo De Trombina (Tt);-;;Plasma Con Citrato (9:1);estudio clínico;141;
Herpes 2 Anticuerpos Igm;-;;Suero 2 Ml;estudio clínico;255;
Ca 72-4 Antígeno;-;;Suero 2 Ml;estudio clínico;935;
Ac. Anti Mitocondria;-;2 dh;Suero 2 Ml;estudio clínico;425;
"""Ac. Anti Hepatitis B Antigeno """"S"""" (Hbsac)""";-;2 dh;Suero 2 Ml;estudio clínico;340;
Biopsia De 0.1 A 1 Cm (Gástricas);-;;Biopsia Con Formol Al 10% Enviar Datos Clínicos;estudio clínico;680;
Ácido Úrico Sérico;-;1 dh;Suero 2 Ml;estudio clínico;51;
Perfil Ginecológico I;-;;Suero 3 Ml;estudio clínico;529;
Cultivo Microbiológico De Uñas;-;;Medio De Transporte;estudio clínico;425;
Microalbúmina;-;;Orina 24 H. 20 Ml. Enviar Volumen;estudio clínico;272;
Potasio Urinario;-;;Orina 24 H. Mantener En Refrigeración Enviar Volumen;estudio clínico;81;
Ac. Anti Epstein-Barr Igm (Cápside);-;2 dh;Suero 2 Ml. No Hemólisis No Lipemia;estudio clínico;510;
Complemento Hemolitico 50%;-;;Suero 2 Ml;estudio clínico;281;
Carga Viral Hepatitis C (Rna-Vhc);-;;Plasma/Edta 2Ml. Refrigerado Enviar Inmediatamente Despues De La Toma De L A V Antes De Las 13 H;estudio clínico;3145;
Perfil Tetra Marcador Sin Interpretación;-;;Suero 3 Ml. Llenar Cuestionario Anexo;estudio clínico;1530;
Ac. Anti Fosfolípidos Igg;-;2 dh;Suero 2 Ml;estudio clínico;332;
Prolactina;-;;Suero 2 Ml;estudio clínico;170;
Perfil Prostático;-;;Suero 3 Ml;estudio clínico;449;
Triyodotironina Libre T3;-;;Suero 2 Ml;estudio clínico;170;
Ac. Anti Scl-70 (Escleroderma);-;2 dh;Suero 2 Ml;estudio clínico;587;
Proteína C Reactiva Ultrasensible;-;;Suero 2 Ml;estudio clínico;304;
Cultivo De Heces (Coprocultivo);-;;Muestra Fecal En Medio De Transporte;estudio clínico;215;
17 Hidroxi Corticoesteroides En Suero;-;4 dh;Suero 2 Ml;estudio clínico;553;
Perfil De Anemia;-;2;Suero 3 ml;perfil sanguíneo;625;
Capacidad Total De Fijación De Hierro;-;;Suero 2 Ml;estudio clínico;196;
Dehidroepiandrosterona Sulfato;-;;Suero 2 Ml;estudio clínico;209;
Perfil Andrógenos Completo;-;2;Suero 3 Ml;perfil sanguíneo;939;
Ac. Anti Rubéola Igg;-;2 dh;Suero 2 Ml;estudio clínico;312;
Perfil De Lípidos Completo;-;1;Suero 3 Ml;perfil sanguíneo;468;
Litio Sérico;-;;Suero 2 Ml;estudio clínico;193;
17 Cetoesteroides En Orina;-;3 dh;"Orina 24 H; 20 Ml. Indicar Volumen Y Tratamiento Refrigerar Durante La Recolección.";estudio clínico;383;
Ac. Tiroglobulina;-;3 dh;Suero 2 Ml;estudio clínico;553;
Prueba De Paternidad Con Adn;-;;Sangre Total/Edta (Llenar Cadena De Custodia);estudio clínico;14450;
Perfil Testicular;-;;Suero 2 Ml;estudio clínico;399;
Investigación De Oxiuros;-;;Frotis Anal En Portaobjetos;estudio clínico;170;
Linfocitos T8;-;;Sangre Total/Edta;estudio clínico;680;
Ac. Anti Toxoplasma Gondii Igm;-;2 dh;Suero 2 Ml;estudio clínico;333;
Perfil Infeccioso Ii;-;;Exudado;estudio clínico;1615;
Antígeno Von Willebrand;-;8 dh;Plasma Con Citrato (9:1) Fresco;estudio clínico;1275;
Hepatitis B Anticuerpos Anti S (Hbsac);-;;Suero 2 Ml;estudio clínico;359;
Ultrasonido Abdominal Bajo;-;1 dh;-;estudio de gabinete;220;
Perfil Tiroideo 2;-;;Suero 3 Ml;estudio clínico;545;
Brucella Abortus Por Rosa De Bengala;-;;1 Ml De Suero;estudio clínico;323;
Prueba Inmunológica De Embarazo en Sangre (Cualitativa);-;EMD;Suero 2 Ml;estudio clínico;60;
Factor Reumatoide Cualitativo;-;;Suero 2 Ml;estudio clínico;170;
Osmolaridad Sérica;-;;Suero 3 Ml;estudio clínico;340;
Ac. Anti Treponema Pallidum Por Ifi (Fta);-;3 dh;Suero 2 Ml;estudio clínico;553;
Captación De Triyodotironina;-;;Suero 2 Ml;estudio clínico;215;
Células L.E.;-;;Tubo Rojo Sin Centrifugar 5 Ml;estudio clínico;94;
Cultivo De Semen;-;;Semen En Frasco Estéril;estudio clínico;215;
Cultivo De Vibrio Cholerae;-;;Muestra De Heces En Frasco Estéril;estudio clínico;485;
"Bilirrubina Total; Directa E Indirecta";-;1 dh;Suero 2 Ml;estudio clínico;90;
Sangre Oculta En Heces 1 Muestra;-;;Muestra Fecal Reciente;estudio clínico;111;
Dopamina En Plasma;-;;Sangre Total/Edta 2 Ml;estudio clínico;357;
Creatina En Orina 24 H;-;;Orina 24 H. 10 Ml. Enviar Volumen;estudio clínico;79;
Ac. Anti Rnp;-;3 dh;Suero 2 Ml;estudio clínico;587;
Triglicéridos;-;;Suero 2 Ml;estudio clínico;94;
Cultivo De Mycobacterium Tuberculosis;-;;Orina O Líquidos Orgánicos En Frasco Estéril;estudio clínico;376;
Tiempo De Protrombina (T. P.);-;;Plasma Con Citrato (9:1);estudio clínico;82;
Proteínas Totales (Suero);-;;Suero 2 Ml;estudio clínico;128;
Tamiz Metabólico Neonatal Completo;-;;Papel Tamiz (4 Gotas De Sangre);estudio clínico;638;
Ac. Anti Cardiolipina Igg;-;2 dh;Suero 2 Ml;estudio clínico;340;
Amilasa En Orina 24 H;-;2 dh;Orina 24 H 20 Ml. Indicar Volumen;estudio clínico;137;
Ultrasonido Vesical;-;1 dh;-;estudio de gabinete;220;
Urea Sérica;-;;Suero 2 Ml;estudio clínico;85;
Ac. Anti Citomegalovirus Igg;-;2 dh;Suero 2 Ml;estudio clínico;334;
Perfil Tiroideo 1;-;;Suero 2 Ml;estudio clínico;360;
Ac. Anti Cisticerco En Lcr;-;2 dh;Líquido Cefalorraquideo 1 Ml;estudio clínico;757;
Antígeno Prostático Específico Cuantitativo;-;1 dh;Suero 2 Ml;estudio clínico;234;
Ck-Mb (Creatin Fosfo Cinasa Fracción Mb);-;;Suero 2 Ml;estudio clínico;215;
Ac. Anti 2-Glicoproteína Igm;-;3 dh;Suero 2 Ml;estudio clínico;595;
Eosinófilos En Moco Nasal 1 Muestra;-;;2 Frotis Indicar Narina;estudio clínico;94;
Hepatitis C Carga Viral (Por Pcr);-;;Sangre Total/Edta;estudio clínico;2975;
Cobre En Orina;-;;Orina 24 H. 20 Ml. Indicar Volumen;estudio clínico;510;
Anfetaminas Confirmatorio En Orina;-;10 dh;Orina Casual;estudio clínico;238;
Aluminio En Suero;-;5 dh;Suero 2 Ml. No Ingerir Antiácidos Con Aluminio 3 Dias Antes De La Prueba;estudio clínico;884;
Índice De Tiroxina Libre;-;;Suero 2 Ml;estudio clínico;170;
Marihuana (Cannabinoides);-;;Orina Ocacional;estudio clínico;215;
Prueba Inmunológica De Embarazo Orina (Cualitativa);-;EMD;Orina Casual;estudio clínico;60;
17 Hidroxiprogesterona Neonatal;-;5 dh;Tres Circulos Impregnados De Papel Filtro;estudio clínico;340;
Cultivo Micológico;-;;Escamas En Frasco Estéril;estudio clínico;340;
"Prenupciales (Rh; Vdrl; Requisitos)";-;;Suero 2 Ml/Sangre Total Edta;estudio clínico;359;
Ac. Anti Chlamydia Trachomatis Igg;-;2 dh;Suero 2 Ml;estudio clínico;408;
Cultivo De Exudado Uretral;-;;Exudado Uretral;estudio clínico;215;
Albúmina En Orina;-;2 dh;Orina 24 H 20 Ml. Indicar Volumen;estudio clínico;59.5;
Ac. Anti Péptido Cíclico Citrulinado (Ccp);-;4 dh;Suero 2 Ml;estudio clínico;977;
Ac. Anti Hepatitis D;-;2 dh;Suero 2 Ml;estudio clínico;536;
Ac. Anti Herpes I Igg;-;2 dh;Suero 2 Ml;estudio clínico;322;
Ac. Anti Músculo Liso;-;4 dh;Suero 2 Ml;estudio clínico;393;
Perfil Reumático Completo;-;5;Suero 3 Ml Y Sangre Total Con Edta;perfil sanguíneo;569;
Perfil Reumático Básico;-;1;Suero 2 Ml;perfil sanguíneo;299;
Ac. Anti Microsomales Totales (Peroxidasa);-;2 dh;Suero 2 Ml;estudio clínico;425;
Gasometría Venosa;-;;Sangre Total/Heparina;estudio clínico;425;
Osteocalcina;-;;Sangre Total/Edta;estudio clínico;383;
"Electrolitos Séricos (Na; K; Ca)";-;;Suero 2 Ml;estudio clínico;230;
Ac. Anti Hepatitis A Igg;-;2 dh;Suero 2 Ml;estudio clínico;553;
Ácido Delta Amino Levulínico (Ala);-;4 dh;Suero 2 Ml;estudio clínico;500;
Perfil Climaterio;-;1;Suero 5 Ml;estudio clínico;389;
Difenilhidantoina;-;;Suero 2 Ml;estudio clínico;289;
Clonazepam En Suero;-;;Suero 3 Ml;estudio clínico;680;
Péptido C;-;;Suero 2 Ml;estudio clínico;319;
17 Alfa Hidroxiprogesterona En Suero;-;2 dh;Suero 2 Ml;estudio clínico;178;
Bandas Oligoclonales Lcr;-;10 dh;Líquido Cefalorraquideo 2 Ml Suero 2 Ml;estudio clínico;1436;
Beta 2 Microglobulina En Orina;-;1 dh;25 Ml De Orina De 24 H. Indicar Volumen;estudio clínico;340;
Gentamicina;-;;Suero 2 Ml;estudio clínico;255;
Ac. Anti Ana;-;3 dh;Suero 2 Ml;estudio clínico;255;
Perfil De Lupus;-;;Suero 2 Ml + 5 Ml De Sangre Total/Edta;estudio clínico;1105;
Ácido Vanilmandélico En Suero;-;3 dh;Suero 2 Ml;estudio clínico;476;
Vih 1 Anticuerpos (Presuntiva- Duo);-;;Suero 2 Ml;estudio clínico;255;
Gonadotrofina Coriónica-Beta Cualitativa;-;;Suero 2 Ml;estudio clínico;102;
Pcr Para Detección De Mycobacterium Tuberculosis;-;;Esputo Orina O Tejido;estudio clínico;1029;
Cultivo De Exudado Vulvar;-;;Exudado Vulvar Y Laminillas;estudio clínico;215;
Ferritina;-;;Suero 2 Ml;estudio clínico;215;
Ac. Anti Cardiolipina Igm;-;emd;Suero 2 Ml;estudio clínico;340;
Ácido Úrico En Orina 24 H;-;1 dh;Orina 24 H 20 Ml. Enviar Volumen;estudio clínico;68;
Mioglobina;-;;Suero 2 Ml;estudio clínico;481;
Papanicolaou;-;;Frotis Fijado Con Citospray O Alcohol 96º;estudio clínico;196;
Aldosterona En Suero;-;2 dh;Suero 2 Ml;estudio clínico;298;
Western Blot Hiv 1 Confirmatoria;-;;Suero 2 Ml;estudio clínico;2295;
Perfil De Hepatitis Viral (Virus A+B+C+D);-;;Suero 5 Ml;estudio clínico;2295;
Perfil De Hierro (Cinética De Hierro);-;2;Suero 3 Ml;perfil sanguíneo;298;
Calcitonina;-;;Suero 2 Ml. Congelado No Lipemia No Hemólisis;estudio clínico;260;
Fenobarbital;-;;Suero 2 Ml;estudio clínico;340;
Cultivo Nasofaríngeo;-;;Hisopado De Secreción Nasal Faríngea;estudio clínico;340;
Ac. Anti Tiroglobulina Cuantitativos;-;2 dh;Suero 2 Ml;estudio clínico;363;
Ac. Anti Mycobacterium Tuberculosis;-;2 dh;Suero 2 Ml. No Hemólisis;estudio clínico;510;
Calcio En Suero;-;;Suero 2 Ml;estudio clínico;85;
Perfil Toch Igg;-;;Suero 3 Ml;estudio clínico;808;
Ac. Anti Ssb;-;2 dh;Suero 2 Ml;estudio clínico;578;
Ac. Anti Rubéola Igm;-;2 dh;Suero 2 Ml;estudio clínico;334;
Ca 27-29 Antígeno;-;;Suero 2 Ml;estudio clínico;642;
Cultivo De Chlamydia Sp.;-;;Medio De Transporte;estudio clínico;638;
Perfil Cardiaco Completo;-;3;Suero 2 Ml. 25 Ml De Orina 24 H. Indicar Peso Talla Y Volumen Urinario;perfil sanguíneo;619;
Tiempo Parcial De Tromboplastina (T. P. T.);-;;Plasma Con Citrato (9:1);estudio clínico;85;
Ac. Anti Vih (Presuntiva-Duo);-;1 dh;Suero 2 Ml;estudio clínico;255;
Creatinfosfoquinasa Cpk-Mb;-;;Suero 2 Ml;estudio clínico;315;
Homocisteina;-;;Suero 2 Ml;estudio clínico;595;
Barbitúricos;-;2 dh;Orina Casual;estudio clínico;184;
Transferrina;-;;Suero 2 Ml;estudio clínico;231;
Pcr Para Detección De Hepatitis C (Hcv) Cualitativo;-;;Plasma/Edta 2.5 Ml. Enviar Congelado;estudio clínico;1849;
Cultivo De Alimentos;-;;Muestra De Alimento Reciente 50 G;estudio clínico;425;
Ac. Anti Herpes Ii Igg;-;2 dh;Suero 2 Ml;estudio clínico;322;
Ac. Anti Citoplasma De Neutrófilos;-;2 dh;Suero 2 Ml;estudio clínico;510;
Ac. Anti Rna;-;4 dh;Suero 2 Ml;estudio clínico;587;
Lipasa Sérica;-;;Suero 2 Ml;estudio clínico;141;
Angiotensina Enzima Convertidora;-;5 dh;Suero 2 Ml;estudio clínico;663;
Ac. Anti Ssa;-;2 dh;Suero 2 Ml;estudio clínico;587;
Ac. Anti Helicobacter Pylori Igg;-;2 dh;Suero 2 Ml;estudio clínico;473;
Marcador Tumoral De Ovario;-;;Suero 3 Ml;estudio clínico;680;
Androstenediona;-;2 dh;Suero 2 Ml;estudio clínico;383;
Coproporfirinas Orina 24 H;-;;Orina 24 H. 100 Ml. Enviar Volumen;estudio clínico;383;
Cultivo De Agua;-;;Muestra Del Líquido Reciente;estudio clínico;510;
Ultrasonido Abdominal Completo;-;1 dh;-;estudio de gabinete;350;
Antígeno E Virus Hepatitis B;-;2 dh;Suero 2 Ml;estudio clínico;383;
Plomo En Sangre;-;;Suero 3 Ml;estudio clínico;468;
Hepatitis D (Ac.);-;;Suero 2 Ml;estudio clínico;510;
Addis (Cuenta Minutada);-;4 dh;25 Ml De Orina De 24 H. Indicar Volumen;estudio clínico;153;
Cinética De Hierro (Perfil De Hierro);-;;Suero 3 Ml;estudio clínico;297.5;
Biopsia De 4.0 A 7.0 Cm;-;;Biopsia Con Formol Al 10% Enviar Datos Clínicos;estudio clínico;935;
Ac. Anti Ameba;-;2 dh;Suero 2 Ml;estudio clínico;215;
Química Sanguínea (14 Elementos);-;;Suero 3 Ml;estudio clínico;399;
Perfil Check Up Completo Mujer;-;2;Suero 3 Ml. Orina Casual. Sangre Total Edta. Laminilla Fijada;perfil sanguíneo;893;
Química Sanguínea (20 Elementos);-;;Suero 3 Ml;estudio clínico;425;
Crioaglutininas;-;;Suero 2 Ml;estudio clínico;340;
Inmunoglobulina E;-;;Suero 2 Ml;estudio clínico;204;
Triyodotironina Total T3;-;;Suero 2 Ml;estudio clínico;170;
Depuracion De Urea;-;;Suero 2 Ml. Orina 24 H 10 Ml. Enviar Volumen Peso Y Talla;estudio clínico;187;
Ac. Anti Toxoplasma Gondii Igg;-;2 dh;Suero 2 Ml;estudio clínico;251;
Amiba En Fresco;-;1 dh;Muestra Fecal Reciente;estudio clínico;85;
Ac. Anti Helicobacter Pylori Igm;-;2 dh;Suero 2 Ml;estudio clínico;473;
Ac. Anti Dna Nativo;-;2 dh;Suero 2 Ml;estudio clínico;417;
Ac. Anti Tiroideos;-;2 dh;Suero 2 Ml;estudio clínico;595;
Biopsia De 0.0 A 3.0 Cm;-;;Biopsia Con Formol Al 10% Enviar Datos Clínicos;estudio clínico;680;
Insulina Postprandial;-;;Suero 2 Ml. Despues Del Alimento;estudio clínico;285;
Herpes 1 Anticuerpos Igm;-;;Suero 2 Ml;estudio clínico;255;
Gama Glutamil Transpeptidasa;-;;Suero 2 Ml;estudio clínico;85;
Citología Exfoliativa;-;;Frotis Fijado Con Citospray O Alcohol 96º;estudio clínico;196;
Colesterol Total;-;;Suero 1 Ml;estudio clínico;68;
Ac. Anti Cisticerco En Suero;-;2 dh;Suero 2 Ml;estudio clínico;383;
C3 Complemento;-;;Suero 2 Ml;estudio clínico;255;
Ch 50 (Complemento Hemolítico);-;;Suero 2 Ml;estudio clínico;272;
Espermatobioscopia Directa;-;;Muestra De Semen Reciente. Indicar Horario De Colecta. Enviar Antes De Las 13 H;estudio clínico;215;
Perfil Preoperatorio Completo;-;;Suero 3 Ml. Sangre Total Edta. Orina Ocasional. 1 Ml De Plasma Citratado;estudio clínico;639;
"Carcinoembrionario; Antígeno";-;;Sangre Total/Heparina;estudio clínico;298;
Perfil Triple Marcador Con Interpretación;-;;Suero 3 Ml;estudio clínico;935;
Acetaminofén;-;3 dh;Suero 2 Ml;estudio clínico;408;
Antigeno S Virus Hepatitis B (Ag. Australia);-;1 dh;Suero 2 Ml;estudio clínico;340;
Perfil De Lípidos Básico;-;;Suero 2 Ml;estudio clínico;359;
Pcr Para Detección De Hepatitis B;-;;Plasma/Edta 2.5 Ml. Enviar Congelado;estudio clínico;1889;
Dehidroepiandrosterona;-;;Suero 2 Ml;estudio clínico;241;
"Ac. Anti Fosfolípidos Igg; Igm";-;2 dh;Suero 2 Ml;estudio clínico;544;
Baciloscopía 1 Muestra;-;1 dh;Orina Expectoración Líquidos Orgánicos;estudio clínico;111;
Perfil De Alérgenos Alimenticios;-;;Suero 5 Ml;estudio clínico;2099;
Biopsia Piezas Especiales;-;;Biopsia Con Formol Al 10% Enviar Datos Clínicos;estudio clínico;1615;
Perfil Tiroideo 3;-;;Suero 3 Ml;estudio clínico;629;
Mycobacterium Tuberculosis Ac. Anti Igg;-;;Suero 2 Ml;estudio clínico;425;
Estradiol (E2);-;;Suero 2 Ml;estudio clínico;170;
Alcohol En Orina;-;3 dh;Orina Ocasional;estudio clínico;383;
Ac. Anti Chlamydia Trachomatis Igm;-;2 dh;Suero 2 Ml;estudio clínico;408;
Dímero “D”;-;;Plasma Con Citrato (9:1) Útilizar Material De Plástico Descartar 3 Ml Iniciales. Enviar Congelada Antes De Las 13 H;estudio clínico;395;
Perfil Hormonal Femenino;-;;Suero 3 Ml;estudio clínico;760;
Anticoagulante Circulatorio Lúpico;-;4 dh;Plasma Con Citrato (9:1) Utilizar Material De Plástico Descartar 3 Ml Iniciales De La Punción Enviar Congelado.;estudio clínico;638;
Ac. Anti Fosfolípidos Igm;-;2 dh;Suero 2 Ml;estudio clínico;298;
Citoquimico De Líquidos;-;;Líquido En Tubo Estéril O Jeringa;estudio clínico;340;
Ac. Anti Escleroderma;-;3 dh;Suero 2 Ml;estudio clínico;383;
Noradrenalina En Orina;-;;Orina 24 H. 20 Ml. Enviar Volumen;estudio clínico;340;
Baciloscopía 5 Muestras;-;1 dh;Orina Expectoración Líquidos Orgánicos;estudio clínico;519;
Cobre Sérico;-;;Suero 2 Ml. Centrifugar Despues De Formado El Coágulo Pasar A Tubo De Plástico Y Refrigerar;estudio clínico;510;
Pcr Para Detección De Neisseria Gonorrhoeae;-;;Exudado;estudio clínico;999;
"Ac. Anti Cardiolipina Igg; Igm";-;2 dh;Suero 2 Ml;estudio clínico;595;
Sodio Sérico;-;;Suero 2 Ml;estudio clínico;81;
Estrona Suero;-;;Suero 2 Ml;estudio clínico;255;
Tamiz Metabólico Neonatal Ampliado;-;;Papel Filtro (4 Gotas De Sangre);estudio clínico;765;
Lípidos Totales;-;;Suero 2 Ml;estudio clínico;128;
Química Sanguínea (30 Elementos);-;;Suero 3 Ml;estudio clínico;599;
Hepatitis B (Hbs. Ag.) Australia;-;;Suero 2 Ml;estudio clínico;289;
Ciclosporina;-;;Sangre Total/Edta;estudio clínico;765;
Perfil Hormonal Masculino Con Tiroideo;-;;Suero 3 Ml;estudio clínico;935;
Colesterol De Alta Densidad (Hdl);-;;Suero 1 Ml. Ayuno Mínimo 12 H;estudio clínico;128;
Amilasa En Suero;-;1 dh;Suero 2 Ml;estudio clínico;115;
Perfil Check Up Básico;-;1;Suero 3 Ml. Orina Casual. Sangre Total EDTA;perfil sanguíneo;369;
Benzedrina (Anfetaminas);-;2 dh;Orina Casual;estudio clínico;215;
Perfil De Hepatitis Viral (Virus A+B+C);-;;Suero 5 Ml;estudio clínico;1797;
Carbamazepina;-;;Suero 2 Ml;estudio clínico;3;
Ac. Anti Adenovirus;-;8 dh;Suero 2 Ml;estudio clínico;918;
Pcr Para Detección De Trichomonas Vaginalis;-;;Exudado;estudio clínico;949;
Ácido Láctico;-;2 dh;Plasma Fluoruro De Oxalato (Tubo Gris Enviar Congelado);estudio clínico;277;
Biopsia Órgano Especial;-;;Biopsia Con Formol Al 10% Enviar Datos Clínicos;estudio clínico;1615;
Glucosa Postprandial;-;;Suero 2 Ml;estudio clínico;68;
17 Hidroxi Corticoesteroides En Orina;-;4 dh;"Orina 24 H; 20 Ml. Indicar Volumen Y Tratamiento Refrigerar Durante La Recolección.";estudio clínico;500;
Complemento C-3;-;;Suero 2 Ml;estudio clínico;215;
Alfafetoproteína;-;2 dh;Suero 2 Ml;estudio clínico;340;
Ca 125 Antígeno;-;;Suero 2 Ml;estudio clínico;383;
Antígeno Ca 72-4;-;2 dh;Suero 2 Ml;estudio clínico;1190;
Perfil De Inmunoglobulinas;-;;Suero 2 Ml;estudio clínico;680;
Adrenalina En Plasma;-;4 dh;Sangre Total/Edta 2 Ml;estudio clínico;340;
Citología De Moco Nasal;-;;Frotis Fijar Con Alcohol Indicar Narina;estudio clínico;128;
Perfil Ginecológico Ii;-;;Suero 3 Ml;estudio clínico;529;
Morfinas;-;;Orina Casual;estudio clínico;340;
Dehidrotestosterona;-;;Suero 2 Ml;estudio clínico;298;
Ac. Anti Herpes Ii Igm;-;2 dh;Suero 2 Ml;estudio clínico;442;
"Electrolitos Séricos (Na; K; Co2)";-;;Suero 2 Ml;estudio clínico;323;
Helicobacter Pylori Anticuerpos Igg;-;;Suero 2 Ml;estudio clínico;383;
Colesterol De Baja Densidad (Ldl);-;;Suero 1 Ml. Ayuno Mínimo 12 H;estudio clínico;128;
Cultivo Microbiologico Ambiental;-;;"Caja Petri Pedir Instrucciones; Indicar Medidas Del Área";estudio clínico;502;
Linfocitos T4;-;;Sangre Total/Edta;estudio clínico;680;
Marcador Tumoral De Estomago;-;;Suero 3 Ml;estudio clínico;1020;
Ácido Fólico;-;2 dh;Suero 3 Ml;estudio clínico;252;
Magnesio Sérico;-;;Suero 2 Ml;estudio clínico;131;
Fosfatasa Alcalina Fracción Ósea;-;;Suero 2 Ml;estudio clínico;620;
Antígeno Ca 15-3;-;2 dh;Suero 2 Ml;estudio clínico;553;
Citología Uretral;-;;Frotis Fijado Con Citospray O Alcohol 96º;estudio clínico;215;
Fenciclidina En Orina;-;;Orina Casual;estudio clínico;255;
Hormona Estimulante De Tiroides (Tsh);-;;Suero 2 Ml;estudio clínico;170;
Androgenos Totales;-;2 dh;Suero 2 Ml;estudio clínico;314;
Antiestreptolisinas (Ael);-;1 dh;Suero 2 Ml;estudio clínico;136;
Baciloscopía 3 Muestras;-;1 dh;Orina Expectoración Líquidos Orgánicos;estudio clínico;298;
Metadona;-;;Orina 24 H. Indicar Volumen;estudio clínico;680;
Ac. Anti Varicela Igm;-;2 dh;Suero 2 Ml;estudio clínico;723;
Inhibina A;-;;Suero 2 Ml. No Hemólisis Ictericia O Lipemia;estudio clínico;1020;
Catecolaminas En Plasma;-;;Plasma/Edta 4 Ml;estudio clínico;765;
Pcr Para Detección De Vih (Cualitativo);-;;Plasma/Edta 2.5 Ml. Enviar Congelado;estudio clínico;2199;
Fosfatasa Acida Fracción Prostática;-;;Suero 2 Ml;estudio clínico;170;
Aldosterona En Orina;-;2 dh;Orina 24 H 20 Ml. Enviar Volumen;estudio clínico;298;
Coproparasitoscopico 1Ra Muestra;-;;Heces 1 Muestra Reciente 10 G;estudio clínico;51;
Reticulocitos;-;;Sangre Total/Edta;estudio clínico;85;
Perfil Tetra Marcador Con Interpretación;-;;Suero 3 Ml. Llenar Cuestionario Anexo;estudio clínico;2210;
Hepatitis B Antigeno E Virus (Agehb);-;;Suero 2 Ml;estudio clínico;383;
Perfil Hipofisario;-;;Suero 3 Ml;estudio clínico;969;
Transaminasa Glutámica Pirúvica;-;;Suero 1 Ml;estudio clínico;85;
Crioglobulinas;-;;Suero 2 Ml;estudio clínico;323;
Perfil Tiroideo Fracciones Libres;-;;Suero 2 Ml;estudio clínico;383;
Química Sanguínea (4 Elementos);-;;Suero 2 Ml;estudio clínico;170;
Tamiz Metabólico Neonatal Básico;-;;Papel Filtro (4 Gotas De Sangre);estudio clínico;425;
Fenilalanina;-;;Suero 2 Ml;estudio clínico;255;
Estriol Libre Sérico;-;;Suero 2 Ml;estudio clínico;255;
Cuenta De Reticulositos;-;;2 Ml Sangre Total/Edta;estudio clínico;102;
Perfil Check Up Completo Hombre;-;2;-;perfil sanguíneo;893;
"Electrolitos Urinarios (Na; Cl; K)";-;;Orina 24 H. 20 Ml. Enviar Volumen;estudio clínico;215;
Química Sanguínea (6 Elementos);-;;Suero 2 Ml;estudio clínico;245;
Perfil De Alérgenos Inhalatorios;-;;Suero 5 Ml;estudio clínico;2499;
Proteínas Totales En Orina;-;;Orina 24 H. Indicar Volumen;estudio clínico;108;
Cultivo Exudado De Prepucio;-;;Exudado De Prepucio;estudio clínico;215;
"Ac. Anti Varicela Igg; Igm";-;2 dh;Suero 2 Ml;estudio clínico;383;
Marcador Tumoral De Mama;-;;Suero 3 Ml;estudio clínico;553;
Ultrasonido pélvico;-;1 DH;-;estudio de gabinete;220;
Química Sanguínea (12 elementos);-;-;-;estudio clínico;365;
Examen general de orina (Cuantitativo);-;1 DH;Muestra de orina;estudio clínico;71;
Glucosa capilar;Se entrega sin reporte membretado;EMD;Sangre;estudio clínico;35;
Electrocardiograma;-;-;-;estudio de gabinete;210;
